,sender,text,q_sender,q_text,datetime
0,tawhid vai,"Network Update
09:00_31/01/2023

PDP SR found 100% in all UGWs

Currently no Pending TT in the Core bucket

No Capping observed

No alarm found at ATIC

No Delay/Packet loss found from Service Performance Report except delay Mango Pubail

Some critical alarms found at PSA Report

CTO and CEBO traces are not running due to some security error

NCEIP QoS related issue raised to TxM/Tx_FLS (00:30_31/01/23)",,,2023-01-31 09:18
1,tawhid vai,ICMP Delay & Packet Loss Update 31/01/2023 09:00,,,2023-01-31 09:14
2,Hosna Ara,"Update of Site Down at 09:00 On 31-01-2023

Region: 2G/3G/4G
National: 16/9/21

DHK_M: 0/2/2
DHK_N: 3/1/2
DHK_S: 1/1/1
DHK_O: 0/0/0
CTG_M: 2/1/1
CTG_N: 2/1/2
CTG_S: 0/0/0
COM: 0/0/0
NOA: 2/0/3
SYL: 3/0/5
MYM: 2/1/3
BAR: 1/2/2
KHL: 0/0/0
KUS: 0/0/0
RAJ: 0/0/0
RANG: 0/0/0",,,2023-01-31 09:07
3,Txmonitoring,Fiber incident update at 09:00_31/01,,,2023-01-31 09:00
4,Baten Vai,"31-Jan'23@7:30
BSC CSSR:  No degradation
Voice Traffic:  No degradation",,,2023-01-31 08:56
5,Arif RANFLS,"RAN_FLS: Baten vai (Mail), ARIF (Phone, FTT, Query)",You,"The Duty Handover to Morning shift at 07:30 on 31-Jan-2023:

SM:  Gowranggo da
CNM: shahin vai
TX_M: Mahbub vai
TX_FLS: Jubair vai
RAN_M: hosne ara
RAN_FLS: baten vai, baitul

BO Support Concerns for this week (29 January to 04 February_2023)

CN_BO: CS_ Arnab & PS_Debashish 
TX_BO: Toriqul
RAN_BO: Fairooz
OSS: Al Amin
IP TNO: Anik Jawad
TSPR: Ataul
DCN_Net: Tomal

Major Concern: 

1. @RANFLS/SM, please check BSC/RNC Voice Traffic degradation, CSSR degradation update email from Network. Insight regular basis. 
@RANFLS from now on post the update every hour. 
@SM, Keep Tableau/Network Availability Dashboard under observation.

2. @RANFLS, don't reset any Gulshan's sites except jalal vai's consent.

3. Please don’t open any Core site CR without Jalal Bhai’s co",2023-01-31 08:15
6,hasan yeaseen,SM Hasan,You,"The Duty Handover to Morning shift at 07:30 on 31-Jan-2023:

SM:  Gowranggo da
CNM: shahin vai
TX_M: Mahbub vai
TX_FLS: Jubair vai
RAN_M: hosne ara
RAN_FLS: baten vai, baitul

BO Support Concerns for this week (29 January to 04 February_2023)

CN_BO: CS_ Arnab & PS_Debashish 
TX_BO: Toriqul
RAN_BO: Fairooz
OSS: Al Amin
IP TNO: Anik Jawad
TSPR: Ataul
DCN_Net: Tomal

Major Concern: 

1. @RANFLS/SM, please check BSC/RNC Voice Traffic degradation, CSSR degradation update email from Network. Insight regular basis. 
@RANFLS from now on post the update every hour. 
@SM, Keep Tableau/Network Availability Dashboard under observation.

2. @RANFLS, don't reset any Gulshan's sites except jalal vai's consent.

3. Please don’t open any Core site CR without Jalal Bhai’s co",2023-01-31 08:14
7,Hosna Ara,"Update of Site Down at 08:00 On 31-01-2023

Region: 2G/3G/4G
National: 16/9/21

DHK_M: 0/2/2
DHK_N: 2/0/1
DHK_S: 0/0/0
DHK_O: 0/0/0
CTG_M: 2/1/1
CTG_N: 5/1/5
CTG_S: 0/0/0
COM: 0/0/0
NOA: 1/0/2
SYL: 2/0/4
MYM: 2/2/3
BAR: 2/3/3
KHL: 0/0/0
KUS: 0/0/0
RAJ: 0/0/0
RANG: 0/0/0",,,2023-01-31 08:03
8,tawhid vai,ICMP Delay & Packet Loss Update 31/01/2023 08:00,,,2023-01-31 08:01
9,Eshtiuk Hossain,CNM: Towhid Vaia,You,"The Duty Handover to Morning shift at 07:30 on 31-Jan-2023:

SM:  Gowranggo da
CNM: shahin vai
TX_M: Mahbub vai
TX_FLS: Jubair vai
RAN_M: hosne ara
RAN_FLS: baten vai, baitul

BO Support Concerns for this week (29 January to 04 February_2023)

CN_BO: CS_ Arnab & PS_Debashish 
TX_BO: Toriqul
RAN_BO: Fairooz
OSS: Al Amin
IP TNO: Anik Jawad
TSPR: Ataul
DCN_Net: Tomal

Major Concern: 

1. @RANFLS/SM, please check BSC/RNC Voice Traffic degradation, CSSR degradation update email from Network. Insight regular basis. 
@RANFLS from now on post the update every hour. 
@SM, Keep Tableau/Network Availability Dashboard under observation.

2. @RANFLS, don't reset any Gulshan's sites except jalal vai's consent.

3. Please don’t open any Core site CR without Jalal Bhai’s co",2023-01-31 07:36
10,tawhid vai,ICMP Delay & Packet Loss Update 31/01/2023 07:30,,,2023-01-31 07:35
11,Fls Rokib,"RAN_FLS : Baten vai, Arif vai",You,"The Duty Handover to Morning shift at 07:30 on 31-Jan-2023:

SM:  Gowranggo da
CNM: shahin vai
TX_M: Mahbub vai
TX_FLS: Jubair vai
RAN_M: hosne ara
RAN_FLS: baten vai, baitul

BO Support Concerns for this week (29 January to 04 February_2023)

CN_BO: CS_ Arnab & PS_Debashish 
TX_BO: Toriqul
RAN_BO: Fairooz
OSS: Al Amin
IP TNO: Anik Jawad
TSPR: Ataul
DCN_Net: Tomal

Major Concern: 

1. @RANFLS/SM, please check BSC/RNC Voice Traffic degradation, CSSR degradation update email from Network. Insight regular basis. 
@RANFLS from now on post the update every hour. 
@SM, Keep Tableau/Network Availability Dashboard under observation.

2. @RANFLS, don't reset any Gulshan's sites except jalal vai's consent.

3. Please don’t open any Core site CR without Jalal Bhai’s co",2023-01-31 07:34
12,__omi__,"The Duty Handover to Morning shift at 07:30 on 31-Jan-2023:

SM:  Gowranggo da
CNM: shahin vai
TX_M: Mahbub vai
TX_FLS: Jubair vai
RAN_M: hosne ara
RAN_FLS: baten vai, baitul

BO Support Concerns for this week (29 January to 04 February_2023)

CN_BO: CS_ Arnab & PS_Debashish 
TX_BO: Toriqul
RAN_BO: Fairooz
OSS: Al Amin
IP TNO: Anik Jawad
TSPR: Ataul
DCN_Net: Tomal

Major Concern: 

1. @RANFLS/SM, please check BSC/RNC Voice Traffic degradation, CSSR degradation update email from Network. Insight regular basis. 
@RANFLS from now on post the update every hour. 
@SM, Keep Tableau/Network Availability Dashboard under observation.

2. @RANFLS, don't reset any Gulshan's sites except jalal vai's consent.

3. Please don’t open any Core site CR without Jalal Bhai’s co…",,,2023-01-31 07:33
13,Txmonitoring,High fiber loss pending update 07:00_31/01,,,2023-01-31 07:16
